Province,District,Municipality
Koshi Province,Bhojpur,Shadanand Municipality
Koshi Province,Bhojpur,Bhojpur Municipality
Koshi Province,Bhojpur,Hatuwagadhi Rural Municipality
Koshi Province,Bhojpur,Ramprasad Rai Rural Municipality
Koshi Province,Bhojpur,Aamchok Rural Municipality
Koshi Province,Bhojpur,Tyamke Maiyum Rural Municipality
Koshi Province,Bhojpur,Arun Rural Municipality
Koshi Province,Bhojpur,Pauwadungma Rural Municipality
Koshi Province,Bhojpur,Salpasilichho Rural Municipality
Koshi Province,Dhankuta,Dhankuta Municipality
Koshi Province,Dhankuta,Pakhribas Municipality
Koshi Province,Dhankuta,Mahalaxmi Municipality
Koshi Province,Dhankuta,Sangurigadhi Rural Municipality
Koshi Province,Dhankuta,Chaubise Rural Municipality
Koshi Province,Dhankuta,Sahidbhumi Rural Municipality
Koshi Province,Dhankuta,Chhathar Jorpati Rural Municipality
Koshi Province,Ilam,Suryodaya Municipality
Koshi Province,Ilam,Ilam Municipality
Koshi Province,Ilam,Deumai Municipality
Koshi Province,Ilam,Maijogmai Rural Municipality
Koshi Province,Ilam,Phakphokthum Rural Municipality
Koshi Province,Ilam,Mai Municipality
Koshi Province,Ilam,Chulachuli Rural Municipality
Koshi Province,Ilam,Rong Rural Municipality
Koshi Province,Ilam,Mangsebung Rural Municipality
Koshi Province,Ilam,Sandakpur Rural Municipality
Koshi Province,Jhapa,Mechinagar Municipality
Koshi Province,Jhapa,Birtamod Municipality
Koshi Province,Jhapa,Damak Municipality
Koshi Province,Jhapa,Bhadrapur Municipality
Koshi Province,Jhapa,Shivasatakshi Municipality
Koshi Province,Jhapa,Arjundhara Municipality
Koshi Province,Jhapa,Gauradaha Municipality
Koshi Province,Jhapa,Kankai Municipality
Koshi Province,Jhapa,Kamal Rural Municipality
Koshi Province,Jhapa,Buddha Shanti Rural Municipality
Koshi Province,Jhapa,Kachankawal Rural Municipality
Koshi Province,Jhapa,Jhapa Rural Municipality
Koshi Province,Jhapa,Barhadashi Rural Municipality
Koshi Province,Jhapa,Gaurigunj Rural Municipality
Koshi Province,Jhapa,Haldibari Rural Municipality
Koshi Province,Khotang,Diktel Rupakot Majhuwagadhi Municipality
Koshi Province,Khotang,Halesi Tuwachung Municipality
Koshi Province,Khotang,Khotehang Rural Municipality
Koshi Province,Khotang,Diprung Chuichumma Rural Municipality
Koshi Province,Khotang,Aiselukharka Rural Municipality
Koshi Province,Khotang,Jantedhunga Rural Municipality
Koshi Province,Khotang,Kepilasgadhi Rural Municipality
Koshi Province,Khotang,Barahpokhari Rural Municipality
Koshi Province,Khotang,Rawa Besi Rural Municipality
Koshi Province,Khotang,Sakela Rural Municipality
Koshi Province,Morang,Sundar Haraicha Municipality
Koshi Province,Morang,Belbari Municipality
Koshi Province,Morang,Pathari Shanischare Municipality
Koshi Province,Morang,Ratuwamai Municipality
Koshi Province,Morang,Urlabari Municipality
Koshi Province,Morang,Rangeli Municipality
Koshi Province,Morang,Sunawarshi Municipality
Koshi Province,Morang,Letang Municipality
Koshi Province,Morang,Biratnagar Metropolitan City
Koshi Province,Morang,Jahada Rural Municipality
Koshi Province,Morang,Budi Ganga Rural Municipality
Koshi Province,Morang,Katahari Rural Municipality
Koshi Province,Morang,Dhanpalthan Rural Municipality
Koshi Province,Morang,Kanepokhari Rural Municipality
Koshi Province,Morang,Gramthan Rural Municipality
Koshi Province,Morang,Kerabari Rural Municipality
Koshi Province,Morang,Miklajung Rural Municipality
Koshi Province,Okhaldhunga,Siddhicharan Municipality
Koshi Province,Okhaldhunga,Khiji Demba Rural Municipality
Koshi Province,Okhaldhunga,Chisankhugadhi Rural Municipality
Koshi Province,Okhaldhunga,Molung Rural Municipality
Koshi Province,Okhaldhunga,Sunkoshi Rural Municipality
Koshi Province,Okhaldhunga,Champadevi Rural Municipality
Koshi Province,Okhaldhunga,Manebhanjyang Rural Municipality
Koshi Province,Okhaldhunga,Likhu Rural Municipality
Koshi Province,Pachthar,Phidim Municipality
Koshi Province,Pachthar,Miklajung Rural Municipality
Koshi Province,Pachthar,Phalgunanda Rural Municipality
Koshi Province,Pachthar,Hilihang Rural Municipality
Koshi Province,Pachthar,Phalelung Rural Municipality
Koshi Province,Pachthar,Yangwarak Rural Municipality
Koshi Province,Pachthar,Kummayak Rural Municipality
Koshi Province,Pachthar,Tumbewa Rural Municipality
Koshi Province,Sankhuwasabha,Khandbari Municipality
Koshi Province,Sankhuwasabha,Chainpur Municipality
Koshi Province,Sankhuwasabha,Dharmadevi Municipality
Koshi Province,Sankhuwasabha,Panchkhapan Municipality
Koshi Province,Sankhuwasabha,Madi Municipality
Koshi Province,Sankhuwasabha,Makalu Rural Municipality
Koshi Province,Sankhuwasabha,Silichong Rural Municipality
Koshi Province,Sankhuwasabha,Sabhapokhari Rural Municipality
Koshi Province,Sankhuwasabha,Chichila Rural Municipality
Koshi Province,Sankhuwasabha,BhotKhola Rural Municipality
Koshi Province,Solukhumbu,Solu Dudhkunda Municipality
Koshi Province,Solukhumbu,Mapya Dudhkoshi Rural Municipality
Koshi Province,Solukhumbu,Necha Salyan Rural Municipality
Koshi Province,Solukhumbu,Thulung Dudhkoshi Rural Municipality
Koshi Province,Solukhumbu,Maha Kulung Rural Municipality
Koshi Province,Solukhumbu,Sotang Rural Municipality
Koshi Province,Solukhumbu,Khumbu PasangLhamu Rural Municipality
Koshi Province,Solukhumbu,Likhu Pike Rural Municipality
Koshi Province,Sunsari,BarahaKshetra Municipality
Koshi Province,Sunsari,Inaruwa Municipality
Koshi Province,Sunsari,Duhabi Municipality
Koshi Province,Sunsari,Ramdhuni Municipality
Koshi Province,Sunsari,Itahari Sub-Metropolitan City
Koshi Province,Sunsari,Dharan Sub-Metropolitan City
Koshi Province,Sunsari,Koshi Rural Municipality
Koshi Province,Sunsari,Harinagar Rural Municipality
Koshi Province,Sunsari,Bhokraha Narsingh Rural Municipality
Koshi Province,Sunsari,Dewangunj Rural Municipality
Koshi Province,Sunsari,Gadhi Rural Municipality
Koshi Province,Sunsari,Barju Rural Municipality
Koshi Province,Taplejung,Phungling Municipality
Koshi Province,Taplejung,Sirijangha Rural Municipality
Koshi Province,Taplejung,Aathrai Triveni Rural Municipality
Koshi Province,Taplejung,Pathibhara Yangwarak Rural Municipality
Koshi Province,Taplejung,Meringden Rural Municipality
Koshi Province,Taplejung,Sidingwa Rural Municipality
Koshi Province,Taplejung,Phaktanglung Rural Municipality
Koshi Province,Taplejung,Maiwa Khola Rural Municipality
Koshi Province,Taplejung,Mikwa Khola Rural Municipality
Koshi Province,Terhathum,Myanglung Municipality
Koshi Province,Terhathum,Laligurans Municipality
Koshi Province,Terhathum,Aathrai Rural Municipality
Koshi Province,Terhathum,Phedap Rural Municipality
Koshi Province,Terhathum,Chhathar Rural Municipality
Koshi Province,Terhathum,Menchayayem Rural Municipality
Koshi Province,Udayapur,Triyuga Municipality
Koshi Province,Udayapur,Katari Municipality
Koshi Province,Udayapur,Chaudandigadhi Municipality
Koshi Province,Udayapur,Belaka Municipality
Koshi Province,Udayapur,Udayapurgadhi Rural Municipality
Koshi Province,Udayapur,Rautamai Rural Municipality
Koshi Province,Udayapur,Tapli Rural Municipality
Koshi Province,Udayapur,Limchungbung Rural Municipality
Madhesh Province,Parsa,Birgunj Metropolitan City
Madhesh Province,Parsa,Bahudarmai Municipality
Madhesh Province,Parsa,Parsagadhi Municipality
Madhesh Province,Parsa,Pokhariya Municipality
Madhesh Province,Parsa,Bindabasini Rural Municipality
Madhesh Province,Parsa,Dhobini Rural Municipality
Madhesh Province,Parsa,Chhipaharmai Rural Municipality
Madhesh Province,Parsa,Jagarnathpur Rural Municipality
Madhesh Province,Parsa,Jirabhawani Rural Municipality
Madhesh Province,Parsa,Kalikamai Rural Municipality
Madhesh Province,Parsa,Pakaha Mainpur Rural Municipality
Madhesh Province,Parsa,Paterwa Sugauli Rural Municipality
Madhesh Province,Parsa,Sakhuwa Prasauni Rural Municipality
Madhesh Province,Parsa,Thori Rural Municipality
Madhesh Province,Bara,Kalaiya Sub-Metropolitan City
Madhesh Province,Bara,Jitpur Simara Sub-Metropolitan City
Madhesh Province,Bara,Kolhabi Municipality
Madhesh Province,Bara,Nijgadh Municipality
Madhesh Province,Bara,Mahagadhimai Municipality
Madhesh Province,Bara,Simaraungadh Municipality
Madhesh Province,Bara,Pacharauta Municipality
Madhesh Province,Bara,Pheta Rural Municipality
Madhesh Province,Bara,Bishrampur Rural Municipality
Madhesh Province,Bara,Prasauni Rural Municipality
Madhesh Province,Bara,Adarsh Kotwal Rural Municipality
Madhesh Province,Bara,Karaiyamai Rural Municipality
Madhesh Province,Bara,Devtal Rural Municipality
Madhesh Province,Bara,Parwanipur Rural Municipality
Madhesh Province,Bara,Baragadhi Rural Municipality
Madhesh Province,Bara,Suwarna Rural Municipality
Madhesh Province,Rautahat,Baudhimai Municipality
Madhesh Province,Rautahat,Brindaban Municipality
Madhesh Province,Rautahat,Chandrapur Municipality
Madhesh Province,Rautahat,Dewahi Gonahi Municipality
Madhesh Province,Rautahat,Gadhimai Municipality
Madhesh Province,Rautahat,Guruda Municipality
Madhesh Province,Rautahat,Gaur Municipality
Madhesh Province,Rautahat,Gujara Municipality
Madhesh Province,Rautahat,Ishanath Municipality
Madhesh Province,Rautahat,Katahariya Municipality
Madhesh Province,Rautahat,Madhav Narayan Municipality
Madhesh Province,Rautahat,Maulapur Municipality
Madhesh Province,Rautahat,Paroha Municipality
Madhesh Province,Rautahat,Phatuwa Bijayapur Municipality
Madhesh Province,Rautahat,Rajdevi Municipality
Madhesh Province,Rautahat,Rajpur Municipality
Madhesh Province,Rautahat,Durga Bhagwati Rural Municipality
Madhesh Province,Rautahat,Yamunamai Rural Municipality
Madhesh Province,Sarlahi,Bagmati Municipality
Madhesh Province,Sarlahi,Balara Municipality
Madhesh Province,Sarlahi,Barahathwa Municipality
Madhesh Province,Sarlahi,Godaita Municipality
Madhesh Province,Sarlahi,Hariwan Municipality
Madhesh Province,Sarlahi,Haripur Municipality
Madhesh Province,Sarlahi,Haripurwa Municipality
Madhesh Province,Sarlahi,Ishowrpur Municipality
Madhesh Province,Sarlahi,Kabilasi Municipality
Madhesh Province,Sarlahi,Lalbandi Municipality
Madhesh Province,Sarlahi,Malangawa Municipality
Madhesh Province,Sarlahi,Basbariya Rural Municipality
Madhesh Province,Sarlahi,Bisnu Rural Municipality
Madhesh Province,Sarlahi,Brahampuri Rural Municipality
Madhesh Province,Sarlahi,Chakraghatta Rural Municipality
Madhesh Province,Sarlahi,Chandranagar Rural Municipality
Madhesh Province,Sarlahi,Dhankaul Rural Municipality
Madhesh Province,Sarlahi,Kaudena Rural Municipality
Madhesh Province,Sarlahi,Parsa Rural Municipality
Madhesh Province,Sarlahi,Ramnagar Rural Municipality
Madhesh Province,Siraha,Lahan Municipality
Madhesh Province,Siraha,Dhangadhimai Municipality
Madhesh Province,Siraha,Siraha Municipality
Madhesh Province,Siraha,Golbazar Municipality
Madhesh Province,Siraha,Mirchaiya Municipality
Madhesh Province,Siraha,Kalyanpur Municipality
Madhesh Province,Siraha,Karjanha Municipality
Madhesh Province,Siraha,Sukhipur Municipality
Madhesh Province,Siraha,Bhagwanpur Rural Municipality
Madhesh Province,Siraha,Aurahi Rural Municipality
Madhesh Province,Siraha,Bishnupur Rural Municipality
Madhesh Province,Siraha,Bariyarpatti Rural Municipality
Madhesh Province,Siraha,Lakshmipur Patari Rural Municipality
Madhesh Province,Siraha,Naraha Rural Municipality
Madhesh Province,Siraha,SakhuwanankarKatti Rural Municipality
Madhesh Province,Siraha,Arnama Rural Municipality
Madhesh Province,Siraha,Navarajpur Rural Municipality
Madhesh Province,Dhanusha,Janakpurdham Sub-Metropolitan City
Madhesh Province,Dhanusha,Chhireshwarnath Municipality
Madhesh Province,Dhanusha,Ganeshman Charnath Municipality
Madhesh Province,Dhanusha,Dhanushadham Municipality
Madhesh Province,Dhanusha,Nagarain Municipality
Madhesh Province,Dhanusha,Bideha Municipality
Madhesh Province,Dhanusha,Mithila Municipality
Madhesh Province,Dhanusha,Sahidnagar Municipality
Madhesh Province,Dhanusha,Sabaila Municipality
Madhesh Province,Dhanusha,Kamala Municipality
Madhesh Province,Dhanusha,MithilaBihari Municipality
Madhesh Province,Dhanusha,Hansapur Municipality
Madhesh Province,Dhanusha,Janaknandani Rural Municipality
Madhesh Province,Dhanusha,Bateshwar Rural Municipality
Madhesh Province,Dhanusha,Mukhiyapatti Musharniya Rural Municipality
Madhesh Province,Dhanusha,Lakshminya Rural Municipality
Madhesh Province,Dhanusha,Aaurahi Rural Municipality
Madhesh Province,Dhanusha,Dhanauji Rural Municipality
Madhesh Province,Saptari,Bodebarsain Municipality
Madhesh Province,Saptari,Dakneshwori Municipality
Madhesh Province,Saptari,Hanumannagar Kankalini Municipality
Madhesh Province,Saptari,Kanchanrup Municipality
Madhesh Province,Saptari,Khadak Municipality
Madhesh Province,Saptari,Shambhunath Municipality
Madhesh Province,Saptari,Saptakoshi Municipality
Madhesh Province,Saptari,Surunga Municipality
Madhesh Province,Saptari,Rajbiraj Municipality
Madhesh Province,Saptari,Agnisaira Krishnasavaran Rural Municipality
Madhesh Province,Saptari,Balan-Bihul Rural Municipality
Madhesh Province,Saptari,Rajgadh Rural Municipality
Madhesh Province,Saptari,Bishnupur Rural Municipality
Madhesh Province,Saptari,Chhinnamasta Rural Municipality
Madhesh Province,Saptari,Mahadeva Rural Municipality
Madhesh Province,Saptari,Rupani Rural Municipality
Madhesh Province,Saptari,Tilathi Koiladi Rural Municipality
Madhesh Province,Saptari,Tirhut Rural Municipality
Madhesh Province,Mahottari,Aaurahi Municipality
Madhesh Province,Mahottari,Balawa Municipality
Madhesh Province,Mahottari,Bardibas Municipality
Madhesh Province,Mahottari,Bhangaha Municipality
Madhesh Province,Mahottari,Gaushala Municipality
Madhesh Province,Mahottari,Jaleshor Municipality
Madhesh Province,Mahottari,Loharpatti Municipality
Madhesh Province,Mahottari,Manara Shiswa Municipality
Madhesh Province,Mahottari,Matihani Municipality
Madhesh Province,Mahottari,Ramgopalpur Municipality
Madhesh Province,Mahottari,Ekdara Rural Municipality
Madhesh Province,Mahottari,Mahottari Rural Municipality
Madhesh Province,Mahottari,Pipara Rural Municipality
Madhesh Province,Mahottari,Samsi Rural Municipality
Madhesh Province,Mahottari,Sonama Rural Municipality
Bagmati,Bhaktapur,Bhaktapur Municipality
Bagmati,Bhaktapur,Changunarayan Municipality
Bagmati,Bhaktapur,Suryabinayak Municipality
Bagmati,Bhaktapur,Madhyapur Thimi Municipality
Bagmati,Chitwan,Bharatpur Metropolitan City
Bagmati,Chitwan,Kalika Municipality
Bagmati,Chitwan,Khairhani Municipality
Bagmati,Chitwan,Madi Municipality
Bagmati,Chitwan,Ratnagar Municipality
Bagmati,Chitwan,Rapti Municipality
Bagmati,Chitwan,Ichchhakamana Rural Municipality
Bagmati,Dhading,Dhunibeshi Municipality
Bagmati,Dhading,Nilkantha Municipality
Bagmati,Dhading,Khaniyabas Rural Municipality
Bagmati,Dhading,Gajuri Rural Municipality
Bagmati,Dhading,Galchhi Rural Municipality
Bagmati,Dhading,Gangajamuna Rural Municipality
Bagmati,Dhading,Jwalamukhi Rural Municipality
Bagmati,Dhading,Thakre Rural Municipality
Bagmati,Dhading,Netrawati Dabjong Rural Municipality
Bagmati,Dhading,Benighat Rorang Rural Municipality
Bagmati,Dhading,Rubi Valley Rural Municipality
Bagmati,Dhading,Siddhalek Rural Municipality
Bagmati,Dhading,Tripurasundari Rural Municipality
Bagmati,Dolakha,Bhimeswor Municipality
Bagmati,Dolakha,Jiri Municipality
Bagmati,Dolakha,Kalinchok Rural Municipality
Bagmati,Dolakha,Melung Rural Municipality
Bagmati,Dolakha,Bigu Rural Municipality
Bagmati,Dolakha,Gaurishankar Rural Municipality
Bagmati,Dolakha,Baiteshowr Rural Municipality
Bagmati,Dolakha,Sailung Rural Municipality
Bagmati,Dolakha,Tamakoshi Rural Municipality
Bagmati,Kathmandu,Kathmandu Metropolitan City
Bagmati,Kathmandu,Gokarneshwar Municipality
Bagmati,Kathmandu,Kirtipur Municipality
Bagmati,Kathmandu,Kageshwari-Manohara Municipality
Bagmati,Kathmandu,Chandragiri Municipality
Bagmati,Kathmandu,Tokha Municipality
Bagmati,Kathmandu,Tarakeshwar Municipality
Bagmati,Kathmandu,Dakshinkali Municipality
Bagmati,Kathmandu,Nagarjun Municipality
Bagmati,Kathmandu,Budhalikantha Municipality
Bagmati,Kathmandu,Shankharapur Municipality
Bagmati,Kavrepalanchok,Dhulikhel Municipality
Bagmati,Kavrepalanchok,Namobuddha Municipality
Bagmati,Kavrepalanchok,Panauti Municipality
Bagmati,Kavrepalanchok,Panchkhal Municipality
Bagmati,Kavrepalanchok,Banepa Municipality
Bagmati,Kavrepalanchok,Mandandeupur Municipality
Bagmati,Kavrepalanchok,Khani Khola Rural Municipality
Bagmati,Kavrepalanchok,Chauri Deurali Rural Municipality
Bagmati,Kavrepalanchok,Temal Rural Municipality
Bagmati,Kavrepalanchok,Bethanchok Rural Municipality
Bagmati,Kavrepalanchok,Bhumlu Rural Municipality
Bagmati,Kavrepalanchok,Mahabharat Rural Municipality
Bagmati,Kavrepalanchok,Roshi Rural Municipality
Bagmati,Lalitpur,Lalitpur Metropolitan City
Bagmati,Lalitpur,Mahalaxmi Municipality
Bagmati,Lalitpur,Godawari Municipality
Bagmati,Lalitpur,Konjyosom Rural Municipality
Bagmati,Lalitpur,Bagmati Rural Municipality
Bagmati,Lalitpur,Mahankal Rural Municipality
Bagmati,Makwanpur,Hetauda Sub-Metropolitan City
Bagmati,Makwanpur,Thaha Municipality
Bagmati,Makwanpur,Bhimphedi Rural Municipality
Bagmati,Makwanpur,Makawanpurgadhi Rural Municipality
Bagmati,Makwanpur,Manahari Rural Municipality
Bagmati,Makwanpur,Raksirang Rural Municipality
Bagmati,Makwanpur,Bakaiya Rural Municipality
Bagmati,Makwanpur,Bagmati Rural Municipality
Bagmati,Makwanpur,Kailash Rural Municipality
Bagmati,Makwanpur,Indrasarowar Rural Municipality
Bagmati,Nuwakot,Bidur Municipality
Bagmati,Nuwakot,Belkotgadhi Municipality
Bagmati,Nuwakot,Kakani Rural Municipality
Bagmati,Nuwakot,Panchakanya Rural Municipality
Bagmati,Nuwakot,Likhu Rural Municipality
Bagmati,Nuwakot,Dupcheshwar Rural Municipality
Bagmati,Nuwakot,Shivapuri Rural Municipality
Bagmati,Nuwakot,Tadi Rural Municipality
Bagmati,Nuwakot,Suryagadhi Rural Municipality
Bagmati,Nuwakot,Tarkeshwar Rural Municipality
Bagmati,Nuwakot,Kispang Rural Municipality
Bagmati,Nuwakot,Myagang Rural Municipality
Bagmati,Ramechap,Manthali Municipality
Bagmati,Ramechap,Ramechhap Municipality
Bagmati,Ramechap,Umakunda Rural Municipality
Bagmati,Ramechap,Khandadevi Rural Municipality
Bagmati,Ramechap,Doramba Rural Municipality
Bagmati,Ramechap,Gokulganga Rural Municipality
Bagmati,Ramechap,LikhuTamakoshi Rural Municipality
Bagmati,Ramechap,Sunapati Rural Municipality
Bagmati,Rasuwa,Kalika Rural Municipality
Bagmati,Rasuwa,Gosaikunda Rural Municipality
Bagmati,Rasuwa,Naukunda Rural Municipality
Bagmati,Rasuwa,Parbatikunda Rural Municipality
Bagmati,Rasuwa,Uttargaya Rural Municipality
Bagmati,Sindhuli,Kamalamai Municipality
Bagmati,Sindhuli,Dudhauli Municipality
Bagmati,Sindhuli,Sunkoshi Rural Municipality
Bagmati,Sindhuli,Hariharpurgadhi Rural Municipality
Bagmati,Sindhuli,Tinpatan Rural Municipality
Bagmati,Sindhuli,Marin Rural Municipality
Bagmati,Sindhuli,Golanjor Rural Municipality
Bagmati,Sindhuli,Phikkal Rural Municipality
Bagmati,Sindhuli,Ghyanglekh Rural Municipality
Bagmati,Sindhupalchok,Chautara Sangachowkgadi Municipality
Bagmati,Sindhupalchok,Bahrabise Municipality
Bagmati,Sindhupalchok,Melamchi Municipality
Bagmati,Sindhupalchok,Balephi Rural Municipality
Bagmati,Sindhupalchok,Sunkoshi Rural Municipality
Bagmati,Sindhupalchok,Indrawati Rural Municipality
Bagmati,Sindhupalchok,Jugal Rural Municipality
Bagmati,Sindhupalchok,Panchpokhari Rural Municipality
Bagmati,Sindhupalchok,Bhotekoshi Rural Municipality
Bagmati,Sindhupalchok,Lisankhu Rural Municipality
Bagmati,Sindhupalchok,Helambu Rural Municipality
Bagmati,Sindhupalchok,Tripurasundari Rural Municipality
Gandaki,Baglung,Baglung Municipality
Gandaki,Baglung,Dhorpatan Municipality
Gandaki,Baglung,Galkot Municipality
Gandaki,Baglung,Jaimuni Municipality
Gandaki,Baglung,Bareng Rural Municipality
Gandaki,Baglung,Khathekhola Rural Municipality
Gandaki,Baglung,Taman Khola Rural Municipality
Gandaki,Baglung,Tara Khola Rural Municipality
Gandaki,Baglung,Nishi Khola Rural Municipality
Gandaki,Baglung,Badigad Rural Municipality
Gandaki,Gorkha,Gorkha Municipality
Gandaki,Gorkha,Palungtar Municipality
Gandaki,Gorkha,Sulikot Rural Municipality
Gandaki,Gorkha,Siranchowk Rural Municipality
Gandaki,Gorkha,Ajirkot Rural Municipality
Gandaki,Gorkha,Chumnubri Rural Municipality
Gandaki,Gorkha,Dharche Rural Municipality
Gandaki,Gorkha,Bhimsen Thapa Rural Municipality
Gandaki,Gorkha,Sahid Lakhan Rural Municipality
Gandaki,Gorkha,Aarughat Rural Municipality
Gandaki,Gorkha,Gandaki Rural Municipality
Gandaki,Kaski,Pokhara Metropolitan City
Gandaki,Kaski,Annapurna Rural Municipality
Gandaki,Kaski,Machhapuchchhre Rural Municipality
Gandaki,Kaski,Madi Rural Municipality
Gandaki,Kaski,Rupa Rural Municipality
Gandaki,Lamjung,Besisahar Municipality
Gandaki,Lamjung,Madhya Nepal Municipality
Gandaki,Lamjung,Rainas Municipality
Gandaki,Lamjung,Sundarbazar Municipality
Gandaki,Lamjung,Dordi Rural Municipality
Gandaki,Lamjung,Dudhpokhari Rural Municipality
Gandaki,Lamjung,Kwhlosothar Rural Municipality
Gandaki,Lamjung,Marsyangdi Rural Municipality
Gandaki,Manang,Chame Rural Municipality
Gandaki,Manang,Nason Rural Municipality
Gandaki,Manang,NarpaBhumi Rural Municipality
Gandaki,Manang,Manang Ngisyang Rural Municipality
Gandaki,Mustang,Gharpajhong Rural Municipality
Gandaki,Mustang,Thasang Rural Municipality
Gandaki,Mustang,Barhagaun Muktichhetra Rural Municipality
Gandaki,Mustang,Lomanthang Rural Municipality
Gandaki,Mustang,Lo-Ghekar Damodarkunda Rural Municipality
Gandaki,Myagdi,Beni Municipality
Gandaki,Myagdi,Annapurna Rural Municipality
Gandaki,Myagdi,Dhaulagiri Rural Municipality
Gandaki,Myagdi,Mangala Rural Municipality
Gandaki,Myagdi,Malika Rural Municipality
Gandaki,Myagdi,Raghuganga Rural Municipality
Gandaki,Nawalpur,Kawasoti Municipality
Gandaki,Nawalpur,Gaindakot Municipality
Gandaki,Nawalpur,Devachuli Municipality
Gandaki,Nawalpur,Madhya Bindu Municipality
Gandaki,Nawalpur,Baudikali Rural Municipality
Gandaki,Nawalpur,Bulingtar Rural Municipality
Gandaki,Nawalpur,Binayi Tribeni Rural Municipality
Gandaki,Nawalpur,Hupsekot Rural Municipality
Gandaki,Parwat,Kushma Municipality
Gandaki,Parwat,Phalewas Municipality
Gandaki,Parwat,Jaljala Rural Municipality
Gandaki,Parwat,Paiyun Rural Municipality
Gandaki,Parwat,Mahashila Rural Municipality
Gandaki,Parwat,Modi Rural Municipality
Gandaki,Parwat,Bihadi Rural Municipality
Gandaki,Syangja,Galyang Municipality
Gandaki,Syangja,Chapakot Municipality
Gandaki,Syangja,Putalibazar Municipality
Gandaki,Syangja,Bheerkot Municipality
Gandaki,Syangja,Waling Municipality
Gandaki,Syangja,Arjun Chaupari Rural Municipality
Gandaki,Syangja,Aandhikhola Rural Municipality
Gandaki,Syangja,Kaligandaki Rural Municipality
Gandaki,Syangja,Phedikhola Rural Municipality
Gandaki,Syangja,Harinas Rural Municipality
Gandaki,Syangja,Biruwa Rural Municipality
Gandaki,Tanahun,Bhanu Municipality
Gandaki,Tanahun,Bhimad Municipality
Gandaki,Tanahun,Byas Municipality
Gandaki,Tanahun,Suklagandaki Municipality
Gandaki,Tanahun,AnbuKhaireni Rural Municipality
Gandaki,Tanahun,Devghat Rural Municipality
Gandaki,Tanahun,Bandipur Rural Municipality
Gandaki,Tanahun,Rishing Rural Municipality
Gandaki,Tanahun,Ghiring Rural Municipality
Gandaki,Tanahun,Myagde Rural Municipality
Lumbini,Kapilvastu,Kapilvastu Municipality
Lumbini,Kapilvastu,Banganga Municipality
Lumbini,Kapilvastu,Buddhabhumi Municipality
Lumbini,Kapilvastu,Shivaraj Municipality
Lumbini,Kapilvastu,Krishnanagar Municipality
Lumbini,Kapilvastu,Maharajgunj Municipality
Lumbini,Kapilvastu,Mayadevi Rural Municipality
Lumbini,Kapilvastu,Yashodhara Rural Municipality
Lumbini,Kapilvastu,Suddhodan Rural Municipality
Lumbini,Kapilvastu,Bijaynagar Rural Municipality
Lumbini,Parasi,Bardaghat Municipality
Lumbini,Parasi,Ramgram Municipality
Lumbini,Parasi,Sunwal Municipality
Lumbini,Parasi,Susta Rural Municipality
Lumbini,Parasi,Palhi Nandan Rural Municipality
Lumbini,Parasi,Pratappur Rural Municipality
Lumbini,Parasi,Sarawal Rural Municipality
Lumbini,Rupandehi,Butwal Sub-Metropolitan City
Lumbini,Rupandehi,Devdaha Municipality
Lumbini,Rupandehi,Lumbini Sanskritik Municipality
Lumbini,Rupandehi,Sainamaina Municipality
Lumbini,Rupandehi,Siddharthanagar Municipality
Lumbini,Rupandehi,Tilottama Municipality
Lumbini,Rupandehi,Gaidahawa Rural Municipality
Lumbini,Rupandehi,Kanchan Rural Municipality
Lumbini,Rupandehi,Kotahimai Rural Municipality
Lumbini,Rupandehi,Marchawari Rural Municipality
Lumbini,Rupandehi,Mayadevi Rural Municipality
Lumbini,Rupandehi,Omsatiya Rural Municipality
Lumbini,Rupandehi,Rohini Rural Municipality
Lumbini,Rupandehi,Sammarimai Rural Municipality
Lumbini,Rupandehi,Siyari Rural Municipality
Lumbini,Rupandehi,Suddodhan Rural Municipality
Lumbini,Arghakhanchi,Sandhikharka Municipality
Lumbini,Arghakhanchi,Sitganga Municipality
Lumbini,Arghakhanchi,Bhumikasthan Municipality
Lumbini,Arghakhanchi,Chhatradev Rural Municipality
Lumbini,Arghakhanchi,Panini Rural Municipality
Lumbini,Arghakhanchi,Malarani Rural Municipality
Lumbini,Gulmi,Resunga Municipality
Lumbini,Gulmi,Musikot Municipality
Lumbini,Gulmi,Rurukshetra Rural Municipality
Lumbini,Gulmi,Chhatrakot Rural Municipality
Lumbini,Gulmi,Gulmidarbar Rural Municipality
Lumbini,Gulmi,Chandrakot Rural Municipality
Lumbini,Gulmi,Satyawati Rural Municipality
Lumbini,Gulmi,Dhurkot Rural Municipality
Lumbini,Gulmi,Kaligandaki Rural Municipality
Lumbini,Gulmi,Isma Rural Municipality
Lumbini,Gulmi,Malika Rural Municipality
Lumbini,Gulmi,Madane Rural Municipality
Lumbini,Palpa,Tansen Municipality
Lumbini,Palpa,Rampur Municipality
Lumbini,Palpa,Rainadevi Chhahara Rural Municipality
Lumbini,Palpa,Ripdikot Rural Municipality
Lumbini,Palpa,Bagnaskali Rural Municipality
Lumbini,Palpa,Rambha Rural Municipality
Lumbini,Palpa,Purbakhola Rural Municipality
Lumbini,Palpa,Nisdi Rural Municipality
Lumbini,Palpa,Mathagadhi Rural Municipality
Lumbini,Palpa,Tinahu Rural Municipality
Lumbini,Dang,Ghorahi Sub-Metropolitan City
Lumbini,Dang,Tulsipur Sub-Metropolitan City
Lumbini,Dang,Lamahi Municipality
Lumbini,Dang,Gadhawa Rural Municipality
Lumbini,Dang,Rajpur Rural Municipality
Lumbini,Dang,Shantinagar Rural Municipality
Lumbini,Dang,Rapti Rural Municipality
Lumbini,Dang,Banglachuli Rural Municipality
Lumbini,Dang,Dangisharan Rural Municipality
Lumbini,Dang,Babai Rural Municipality
Lumbini,Pyuthan,Sworgadwari Municipality
Lumbini,Pyuthan,Pyuthan Municipality
Lumbini,Pyuthan,Mandavi Rural Municipality
Lumbini,Pyuthan,Sarumarani Rural Municipality
Lumbini,Pyuthan,Ayirawati Rural Municipality
Lumbini,Pyuthan,Mallarani Rural Municipality
Lumbini,Pyuthan,Jhimruk Rural Municipality
Lumbini,Pyuthan,Naubahini Rural Municipality
Lumbini,Pyuthan,Gaumukhi Rural Municipality
Lumbini,Rolpa,Rolpa Municipality
Lumbini,Rolpa,Runtigadi Rural Municipality
Lumbini,Rolpa,Triveni Rural Municipality
Lumbini,Rolpa,Sunil Smiriti Rural Municipality
Lumbini,Rolpa,Lungri Rural Municipality
Lumbini,Rolpa,Sunchhahari Rural Municipality
Lumbini,Rolpa,Thawang Rural Municipality
Lumbini,Rolpa,Madi Rural Municipality
Lumbini,Rolpa,GangaDev Rural Municipality
Lumbini,Rolpa,Pariwartan Rural Municipality
Lumbini,Eastern Rukum,Putha Uttarganga Rural Municipality
Lumbini,Eastern Rukum,Bhume Rural Municipality
Lumbini,Eastern Rukum,Sisne Rural Municipality
Lumbini,Banke,Nepalgunj Sub-Metropolitan City
Lumbini,Banke,Kohalpur Municipality
Lumbini,Banke,Rapti-Sonari Rural Municipality
Lumbini,Banke,Narainapur Rural Municipality
Lumbini,Banke,Duduwa Rural Municipality
Lumbini,Banke,Janaki Rural Municipality
Lumbini,Banke,Khajura Rural Municipality
Lumbini,Banke,Baijanath Rural Municipality
Lumbini,Bardiya,Gulariya Municipality
Lumbini,Bardiya,Rajapur Municipality
Lumbini,Bardiya,Madhuwan Municipality
Lumbini,Bardiya,Thakurbaba Municipality
Lumbini,Bardiya,Basgadhi Municipality
Lumbini,Bardiya,Barbardiya Municipality
Lumbini,Bardiya,Badhaiyatal Rural Municipality
Lumbini,Bardiya,Geruwa Rural Municipality
Karnali,Western Rukum,Aathabiskot Municipality
Karnali,Western Rukum,Musikot Municipality
Karnali,Western Rukum,Chaurjahari Municipality
Karnali,Western Rukum,SaniBheri Rural Municipality
Karnali,Western Rukum,Triveni Rural Municipality
Karnali,Western Rukum,Banphikot Rural Municipality
Karnali,Salyan,Kumakh Rural Municipality
Karnali,Salyan,Kalimati Rural Municipality
Karnali,Salyan,Chhatreshwari Rural Municipality
Karnali,Salyan,Darma Rural Municipality
Karnali,Salyan,Kapurkot Rural Municipality
Karnali,Salyan,Triveni Rural Municipality
Karnali,Salyan,Siddha Kumakh Rural Municipality
Karnali,Salyan,Bagchaur Municipality
Karnali,Salyan,Shaarda Municipality
Karnali,Salyan,Bangad Kupinde Municipality
Karnali,Dolpa,Mudkechula Rural Municipality
Karnali,Dolpa,Kaike Rural Municipality
Karnali,Dolpa,She Phoksundo Rural Municipality
Karnali,Dolpa,Jagadulla Rural Municipality
Karnali,Dolpa,Dolpo Buddha Rural Municipality
Karnali,Dolpa,Chharka Tongsong Rural Municipality
Karnali,Dolpa,Thuli Bheri Municipality
Karnali,Dolpa,Tripurasundari Municipality
Karnali,Humla,Simkot Rural Municipality
Karnali,Humla,Sarkegad Rural Municipality
Karnali,Humla,Adanchuli Rural Municipality
Karnali,Humla,Kharpunath Rural Municipality
Karnali,Humla,Tanjakot Rural Municipality
Karnali,Humla,Chankheli Rural Municipality
Karnali,Humla,Namkha Rural Municipality
Karnali,Jumla,Tatopani Rural Municipality
Karnali,Jumla,Patarasi Rural Municipality
Karnali,Jumla,Tila Rural Municipality
Karnali,Jumla,Kanaka Sundari Rural Municipality
Karnali,Jumla,Sinja Rural Municipality
Karnali,Jumla,Hima Rural Municipality
Karnali,Jumla,Guthichaur Rural Municipality
Karnali,Jumla,Chandannath Municipality
Karnali,Kalikot,Khandachakra Municipality
Karnali,Kalikot,Raskot Municipality
Karnali,Kalikot,Tilagufa Municipality
Karnali,Kalikot,Narharinath Rural Municipality
Karnali,Kalikot,Palata Rural Municipality
Karnali,Kalikot,Shubha Kalika Rural Municipality
Karnali,Kalikot,Sanni Triveni Rural Municipality
Karnali,Kalikot,Pachaljharana Rural Municipality
Karnali,Kalikot,Mahawai Rural Municipality
Karnali,Mugu,Khatyad Rural Municipality
Karnali,Mugu,Soru Rural Municipality
Karnali,Mugu,Mugum Karmarong Rural Municipality
Karnali,Mugu,Chhayanath Rara Municipality
Karnali,Surkhet,Simta Rural Municipality
Karnali,Surkhet,Barahatal Rural Municipality
Karnali,Surkhet,Chaukune Rural Municipality
Karnali,Surkhet,Chingad Rural Municipality
Karnali,Surkhet,Gurbhakot Municipality
Karnali,Surkhet,Birendranagar Municipality
Karnali,Surkhet,Bheriganga Municipality
Karnali,Surkhet,Panchapuri Municipality
Karnali,Surkhet,Lekbeshi Municipality
Karnali,Dailekh,Dullu Municipality
Karnali,Dailekh,Gurans Rural Municipality
Karnali,Dailekh,Bhairabi Rural Municipality
Karnali,Dailekh,Naumule Rural Municipality
Karnali,Dailekh,Mahabu Rural Municipality
Karnali,Dailekh,Thantikandh Rural Municipality
Karnali,Dailekh,Bhagawatimai Rural Municipality
Karnali,Dailekh,Dungeshwar Rural Municipality
Karnali,Dailekh,Aathabis Municipality
Karnali,Dailekh,Narayan Municipality
Karnali,Dailekh,Chamunda Bindrasaini Municipality
Karnali,Jajarkot,Chhedagad Municipality
Karnali,Jajarkot,Bheri Municipality
Karnali,Jajarkot,Nalgad Municipality
Karnali,Jajarkot,Junichande Rural Municipality
Karnali,Jajarkot,Kuse Rural Municipality
Karnali,Jajarkot,Barekot Rural Municipality
Karnali,Jajarkot,Shivalaya Rural Municipality
Sudur Paschimanchal,Darchula,Mahakali Municipality
Sudur Paschimanchal,Darchula,Shailyashikhar Municipality
Sudur Paschimanchal,Darchula,Naugad Rural Municipality
Sudur Paschimanchal,Darchula,Malikarjun Rural Municipality
Sudur Paschimanchal,Darchula,Marma Rural Municipality
Sudur Paschimanchal,Darchula,Lekam Rural Municipality
Sudur Paschimanchal,Darchula,Duhun Rural Municipality
Sudur Paschimanchal,Darchula,Vyans Rural Municipality
Sudur Paschimanchal,Darchula,Apihimal Rural Municipality
Sudur Paschimanchal,Bajhang,Jayaprithvi Municipality
Sudur Paschimanchal,Bajhang,Bungal Municipality
Sudur Paschimanchal,Bajhang,Kedarsyu Rural Municipality
Sudur Paschimanchal,Bajhang,Thalara Rural Municipality
Sudur Paschimanchal,Bajhang,Bitthadchir Rural Municipality
Sudur Paschimanchal,Bajhang,Chhabis Pathibhera Rural Municipality
Sudur Paschimanchal,Bajhang,Khaptadchhanna Rural Municipality
Sudur Paschimanchal,Bajhang,Masta Rural Municipality
Sudur Paschimanchal,Bajhang,Durgathali Rural Municipality
Sudur Paschimanchal,Bajhang,Talkot Rural Municipality
Sudur Paschimanchal,Bajhang,Surma Rural Municipality
Sudur Paschimanchal,Bajhang,Saipal Rural Municipality
Sudur Paschimanchal,Bajura,Badimalika Municipality
Sudur Paschimanchal,Bajura,Triveni Municipality
Sudur Paschimanchal,Bajura,Budhiganga Municipality
Sudur Paschimanchal,Bajura,Budhinanda Municipality
Sudur Paschimanchal,Bajura,Khaptad Chhededaha Rural Municipality
Sudur Paschimanchal,Bajura,Swami Kartik Khapar Rural Municipality
Sudur Paschimanchal,Bajura,Jagannath Rural Municipality
Sudur Paschimanchal,Bajura,Himali Rural Municipality
Sudur Paschimanchal,Bajura,Gaumul Rural Municipality
Sudur Paschimanchal,Baitadi,Dashrathchanda Municipality
Sudur Paschimanchal,Baitadi,Patan Municipality
Sudur Paschimanchal,Baitadi,Melauli Municipality
Sudur Paschimanchal,Baitadi,Purchaudi Municipality
Sudur Paschimanchal,Baitadi,Dogdakedar Rural Municipality
Sudur Paschimanchal,Baitadi,Dilashaini Rural Municipality
Sudur Paschimanchal,Baitadi,Sigas Rural Municipality
Sudur Paschimanchal,Baitadi,Pancheshwar Rural Municipality
Sudur Paschimanchal,Baitadi,Surnaya Rural Municipality
Sudur Paschimanchal,Baitadi,Shivanath Rural Municipality
Sudur Paschimanchal,Doti,Dipayal Silgadhi Municipality
Sudur Paschimanchal,Doti,Shikhar Municipality
Sudur Paschimanchal,Doti,Aadarsha Rural Municipality
Sudur Paschimanchal,Doti,Purbichauki Rural Municipality
Sudur Paschimanchal,Doti,K.I.Singh Rural Municipality
Sudur Paschimanchal,Doti,Jorayal Rural Municipality
Sudur Paschimanchal,Doti,Sayal Rural Municipality
Sudur Paschimanchal,Doti,Bogatan-Phudsil Rural Municipality
Sudur Paschimanchal,Doti,Badikedar Rural Municipality
Sudur Paschimanchal,Acham,Ramaroshan Rural Municipality
Sudur Paschimanchal,Acham,Chaurpati Rural Municipality
Sudur Paschimanchal,Acham,Turmakhand Rural Municipality
Sudur Paschimanchal,Acham,Mellekh Rural Municipality
Sudur Paschimanchal,Acham,Dhakari Rural Municipality
Sudur Paschimanchal,Acham,Bannigadi Jayagad Rural Municipality
Sudur Paschimanchal,Acham,Mangalsen Municipality
Sudur Paschimanchal,Acham,Kamalbazar Municipality
Sudur Paschimanchal,Acham,Sanfebagar Municipality
Sudur Paschimanchal,Acham,Panchadewal Binayak Municipality
Sudur Paschimanchal,Dadeldhura,Navadurga Rural Municipality
Sudur Paschimanchal,Dadeldhura,Aalitaal Rural Municipality
Sudur Paschimanchal,Dadeldhura,Ganyapadhura Rural Municipality
Sudur Paschimanchal,Dadeldhura,Bhageshwar Rural Municipality
Sudur Paschimanchal,Dadeldhura,Ajaymeru Rural Municipality
Sudur Paschimanchal,Dadeldhura,Amargadhi Municipality
Sudur Paschimanchal,Dadeldhura,Parshuram Municipality
Sudur Paschimanchal,Kanchanpur,Bhimdatta Municipality
Sudur Paschimanchal,Kanchanpur,Punarbas Municipality
Sudur Paschimanchal,Kanchanpur,Bedkot Municipality
Sudur Paschimanchal,Kanchanpur,Mahakali Municipality
Sudur Paschimanchal,Kanchanpur,Shuklaphanta Municipality
Sudur Paschimanchal,Kanchanpur,Belauri Municipality
Sudur Paschimanchal,Kanchanpur,Krishnapur Municipality
Sudur Paschimanchal,Kanchanpur,Laljhadi Rural Municipality
Sudur Paschimanchal,Kanchanpur,Beldandi Rural Municipality
Sudur Paschimanchal,Kailali,Janaki Rural Municipality
Sudur Paschimanchal,Kailali,Kailari Rural Municipality
Sudur Paschimanchal,Kailali,Joshipur Rural Municipality
Sudur Paschimanchal,Kailali,Bardagoriya Rural Municipality
Sudur Paschimanchal,Kailali,Mohanyal Rural Municipality
Sudur Paschimanchal,Kailali,Chure Rural Municipality
Sudur Paschimanchal,Kailali,Tikapur Municipality
Sudur Paschimanchal,Kailali,Ghodaghodi Municipality
Sudur Paschimanchal,Kailali,Lamkichuha Municipality
Sudur Paschimanchal,Kailali,Bhajni Municipality
Sudur Paschimanchal,Kailali,Godawari Municipality
Sudur Paschimanchal,Kailali,Gauriganga Municipality
Sudur Paschimanchal,Kailali,Dhangadhi Sub-Metropolitan City